{
    "categories": [
      {
        "category": "Infos",
        "channels": [
          {
            "name": "Netflix",
            "url": "https://streaming1.medi1tv.com/live/smil:medi1fr.smil/chunklist_w915190067_b2128000_slar.m3u8",
            "image": "https://img.medi1tv.com/medi1tv_230417.jpg"
          }
        ]
      },
      {
        "category": "Brazzaville",
        "channels": [
          {
            "name": "Netflix",
            "url": "https://tgn.bozztv.com/ssh101/ssh101/evtele/playlist.m3u8",
            "image": "/images/cards/logo.png"
          }
        ]
      },
      {
        "category": "Pointe - Noire",
        "channels": [
          {
            "name": "ESPN+",
            "url": "https://59959724487e3.streamlock.net/stream/live/chunklist_w1049462077.m3u8",
            "image": "https://bx1.be/wp-content/themes/BX1-2017/img/logo.png"
          }
        ]
      }
    ]
  }



  