{
    "categories": [
      {
        "category": "Brazzaville",
        "channels": [
          {
            "name": "Netflix",
            "url": "https://rcj.radioca.st/stream?type=http&nocache=48384",
            "image": "/images/cards/rcj.png"
          },
          {
            "name": "Netflix",
            "url": "https://gcmradio.radioca.st/autodj",
            "image": "https://player.streamerr.co//uploads/logos/LOGO_WEB_RADIO_OK1.png"
          }
        ]
      }
    ]
  }
  

